Workbook

Sheet Data
A1: Фамилия | B1: Имя | C1: Отчество | D1: ФИО | E1: Место работы | F1: Должность | G1: Объем знаний | H1: Категория персонала | I1: Группа | J1: Дата проверки знаний | K1: Дата след проверки знаний | L1: Периодичность проверки знаний, лет | M1: отв рук-ль работ; | N1: производитель работ; | O1: опер. переговоры; | P1: опер.переключения; | Q1: в/в испытания; | R1: мех.испытания; | S1: вып. работ на высоте; | T1: Единоличный осмотр ЭУ; | U1: оперативного персонала; | V1: инспектирования; | W1: выдача нарядов-допусков и распоряжений; | X1: пусто; | Y1: пусто; | Z1: наблюдающий; | AA1: допускающий; | AB1: член бригады; | AC1: работа на высоте; | AD1: пусто; | AE1: пусто; | AF1: пусто; | AG1: пусто; | AH1: работа под напряжением; | AI1: ограждение места работ; | AJ1: электросварочные работы; | AK1: с мегомметром; | AL1: вальщик леса; | AM1: стропальщик; | AN1: фазировка кабельных линий; | AO1: прокол кабеля для ЛИК; | AP1: водитель;
A2: Иванов | B2: Алексей | C2: Иванович | D2: =Data!$A2&" "&Data!$B2&" "&Data!$C2 -> Иванов Алексей Иванович | E2: ЭЧ-11 | F2: ведущий инженер | G2: ЭЧТ | H2: Административно-технического | I2: V | J2: 45953 | K2: 47049 | L2: 3
A3: Петров | B3: Дмитрий | C3: Петрович | D3: =Data!$A3&" "&Data!$B3&" "&Data!$C3 -> Петров Дмитрий Петрович | E3: ЭЧ-3 | F3: ведущий инженер | G3: ЭЧТ | H3: Административно-технического | I3: V | J3: 45651 | K3: 46746 | L3: 3
A4: Сидоров | B4: Сергей | C4: Сергеевич | D4: =Data!$A4&" "&Data!$B4&" "&Data!$C4 -> Сидоров Сергей Сергеевич | E4: ЭЧ-2 | F4: Ведущий инженер по эксплуатации технических средств | G4: ЭЧТ | H4: Административно-технического | I4: V | J4: 46084 | K4: 47180 | L4: 3 | T4: 1
A5: Козлов | B5: Андрей | C5: Андреевич | D5: =Data!$A5&" "&Data!$B5&" "&Data!$C5 -> Козлов Андрей Андреевич | E5: ЭЧ-6 | F5: Ведущий инженер по эксплуатации технических средств | G5: ЭЧТ | H5: Административно-технического | I5: V | J5: 45729 | K5: 46831 | L5: 3 | T5: 1
A6: Новиков | B6: Иван | C6: Николаевич | D6: =Data!$A6&" "&Data!$B6&" "&Data!$C6 -> Новиков Иван Николаевич | E6: ЭЧ-8 | F6: Ведущий инженер по эксплуатации технических средств | G6: ЭЧТ | H6: Административно-технического | I6: V | J6: 45370 | K6: 46465 | L6: 3
A7: Морозов | B7: Михаил | C7: Владимирович | D7: =Data!$A7&" "&Data!$B7&" "&Data!$C7 -> Морозов Михаил Владимирович | E7: ЭЧ-15 | F7: Ведущий инженер технического отдела | G7: ЭЧТ | H7: Административно-технического | I7: V | J7: 45603 | K7: 46333 | L7: 3 | T7: 1
A8: Соколов | B8: Николай | C8: Александрович | D8: =Data!$A8&" "&Data!$B8&" "&Data!$C8 -> Соколов Николай Александрович | E8: НТЭ | F8: Ведущий специалист по охране труда | G8: Эчот | H8: Инспектирующего | I8: V | J8: 45806 | K8: 46902 | L8: 3
A9: Лебедев | B9: Владимир | C9: Павлович | D9: =Data!$A9&" "&Data!$B9&" "&Data!$C9 -> Лебедев Владимир Павлович | E9: ТЦЭ | F9: Ведущий специалист по охране труда | G9: Эчот | H9: Инспектирующего | I9: V | J9: 45377 | K9: 46474 | L9: 3
A10: Попов | B10: Артём | C10: Борисович | D10: =Data!$A10&" "&Data!$B10&" "&Data!$C10 -> Попов Артём Борисович | E10: ЭЧ-1 | F10: Ведущий специалист по охране труда | G10: Эчот | H10: Инспектирующего | I10: V | J10: 44826 | K10: 45922 | L10: 3
A11: Волков | B11: Павел | C11: Геннадьевич | D11: =Data!$A11&" "&Data!$B11&" "&Data!$C11 -> Волков Павел Геннадьевич | E11: ЭЧ-10 | F11: ведущий специалист по охране труда | G11: Эчот | H11: Инспектирующего | I11: V | J11: 45013 | K11: 46109 | L11: 3
A12: Фёдоров | B12: Игорь | C12: Евгеньевич | D12: =Data!$A12&" "&Data!$B12&" "&Data!$C12 -> Фёдоров Игорь Евгеньевич | E12: ЭЧ-10 | F12: Ведущий специалист по охране труда | G12: Эчот | H12: Инспектирующего | I12: V | J12: 45447 | K12: 46542 | L12: 3
A13: Алексеев | B13: Виктор | C13: Денисович | D13: =Data!$A13&" "&Data!$B13&" "&Data!$C13 -> Алексеев Виктор Денисович | E13: ЭЧ-15 | F13: Ведущий специалист по охране труда | G13: Эчот | H13: Инспектирующего | I13: V | J13: 44986 | K13: 47182 | L13: 3
A14: Михайлов | B14: Олег | C14: Олегович | D14: =Data!$A14&" "&Data!$B14&" "&Data!$C14 -> Михайлов Олег Олегович | E14: ЭЧ-2 | F14: Ведущий специалист по охране труда | G14: Эчот | H14: Инспектирующего | I14: V | J14: 45818 | K14: 47116 | L14: 3 | V14: 1
A15: Зайцев | B15: Юрий | C15: Юрьевич | D15: =Data!$A15&" "&Data!$B15&" "&Data!$C15 -> Зайцев Юрий Юрьевич | E15: ЭЧ-3 | F15: Ведущий специалист по охране труда | G15: Эчот | H15: Инспектирующего | I15: V | J15: 45369 | K15: 46464 | L15: 3 | V15: 1
A16: Белов | B16: Борис | C16: Михайлович | D16: =Data!$A16&" "&Data!$B16&" "&Data!$C16 -> Белов Борис Михайлович | E16: ЭЧ-4 | F16: Ведущий специалист по охране труда | G16: Эчот | H16: Инспектирующего | I16: V | J16: 45369 | K16: 46464 | L16: 3 | V16: 1
A17: Васильев | B17: Геннадий | C17: Алексеевич | D17: =Data!$A17&" "&Data!$B17&" "&Data!$C17 -> Васильев Геннадий Алексеевич | E17: ЭЧ-8 | F17: Ведущий специалист по охране труда | G17: Эчот | H17: Инспектирующего | I17: V | J17: 45811 | K17: 46907 | L17: 3
A18: Егоров | B18: Георгий | C18: Викторович | D18: =Data!$A18&" "&Data!$B18&" "&Data!$C18 -> Егоров Георгий Викторович | E18: ТЦЭ | F18: Главный инженер | G18: ЭЧГ | H18: Административно-технического | I18: V | J18: 45525 | K18: 45890 | L18: 1
A19: Орлов | B19: Денис | C19: Григорьевич | D19: =Data!$A19&" "&Data!$B19&" "&Data!$C19 -> Орлов Денис Григорьевич | E19: ЭЧ-1 | F19: Главный инженер | G19: ЭЧГ | H19: Административно-технического | I19: V | J19: 46084 | K19: 46449 | L19: 1 | M19: 1 | T19: 1
A20: Тихонов | B20: Евгений | C20: Игоревич | D20: =Data!$A20&" "&Data!$B20&" "&Data!$C20 -> Тихонов Евгений Игоревич | E20: ЭЧ-10 | F20: Главный инженер | G20: ЭЧГ | H20: Административно-технического | I20: V | J20: 45957 | K20: 46322 | L20: 1 | M20: 1 | Q20: 1 | T20: 1
A21: Баранов | B21: Захар | C21: Фёдорович | D21: =Data!$A21&" "&Data!$B21&" "&Data!$C21 -> Баранов Захар Фёдорович | E21: ЭЧ-11 | F21: Главный инженер | G21: ЭЧГ | H21: Административно-технического | I21: V | J21: 46085 | K21: 46450 | L21: 1 | M21: 1 | Q21: 1 | T21: 1
A22: Кузнецов | B22: Алексей | C22: Иванович | D22: =Data!$A22&" "&Data!$B22&" "&Data!$C22 -> Кузнецов Алексей Иванович | E22: ЭЧ-12 | F22: Главный инженер | G22: ЭЧГ | H22: Административно-технического | I22: V | J22: 45811 | K22: 46542 | L22: 1 | M22: 1 | Q22: 1 | T22: 1
A23: Давыдов | B23: Дмитрий | C23: Петрович | D23: =Data!$A23&" "&Data!$B23&" "&Data!$C23 -> Давыдов Дмитрий Петрович | E23: ЭЧ-13 | F23: Главный инженер | G23: ЭЧГ | H23: Административно-технического | I23: V | J23: 45541 | K23: 46295 | L23: 1 | M23: 1 | Q23: 1 | T23: 1 | AP23: 1
A24: Богданов | B24: Сергей | C24: Сергеевич | D24: =Data!$A24&" "&Data!$B24&" "&Data!$C24 -> Богданов Сергей Сергеевич | E24: ЭЧ-14 | F24: Главный инженер | G24: ЭЧГ | H24: Административно-технического | I24: V | J24: 45538 | K24: 46255 | L24: 1 | M24: 1 | T24: 1
A25: Семёнов | B25: Андрей | C25: Андреевич | D25: =Data!$A25&" "&Data!$B25&" "&Data!$C25 -> Семёнов Андрей Андреевич | E25: ЭЧ-15 | F25: Главный инженер | G25: ЭЧГ | H25: Административно-технического | I25: V | J25: 45526 | K25: 46270 | L25: 1 | M25: 1 | Q25: 1 | T25: 1
A26: Осипов | B26: Иван | C26: Николаевич | D26: =Data!$A26&" "&Data!$B26&" "&Data!$C26 -> Осипов Иван Николаевич | E26: ЭЧ-16 | F26: Главный инженер | G26: ЭЧГ | H26: Административно-технического | I26: V | J26: 45651 | K26: 46372 | L26: 1 | T26: 1
A27: Савельев | B27: Михаил | C27: Владимирович | D27: =Data!$A27&" "&Data!$B27&" "&Data!$C27 -> Савельев Михаил Владимирович | E27: ЭЧ-19 | F27: Главный инженер | G27: ЭЧГ | H27: Административно-технического | I27: V | J27: 45736 | K27: 46456 | L27: 1 | M27: 1 | Q27: 1 | T27: 1
A28: Тимофеев | B28: Николай | C28: Александрович | D28: =Data!$A28&" "&Data!$B28&" "&Data!$C28 -> Тимофеев Николай Александрович | E28: ЭЧ-2 | F28: Главный инженер | G28: ЭЧГ | H28: Административно-технического | I28: V | J28: 45898 | K28: 46263 | L28: 1 | M28: 1 | T28: 1
A29: Медведев | B29: Владимир | C29: Павлович | D29: =Data!$A29&" "&Data!$B29&" "&Data!$C29 -> Медведев Владимир Павлович | E29: ЭЧ-21 | F29: Главный инженер | G29: ЭЧГ | H29: Административно-технического | I29: V | J29: 46092 | K29: 46457 | L29: 1 | M29: 1 | Q29: 1 | T29: 1
A30: Андреев | B30: Артём | C30: Борисович | D30: =Data!$A30&" "&Data!$B30&" "&Data!$C30 -> Андреев Артём Борисович | E30: ЭЧ-24 | F30: Главный инженер | G30: ЭЧГ | H30: Административно-технического | I30: V | J30: 46087 | K30: 46452 | L30: 1 | M30: 1 | Q30: 1 | T30: 1
A31: Макаров | B31: Павел | C31: Геннадьевич | D31: =Data!$A31&" "&Data!$B31&" "&Data!$C31 -> Макаров Павел Геннадьевич | E31: ЭЧ-3 | F31: Главный инженер | G31: ЭЧГ | H31: Административно-технического | I31: V | J31: 45950 | K31: 46315 | L31: 1 | M31: 1 | T31: 1
A32: Иванов2 | B32: Игорь | C32: Евгеньевич | D32: =Data!$A32&" "&Data!$B32&" "&Data!$C32 -> Иванов2 Игорь Евгеньевич | E32: ЭЧ-4 | F32: Главный инженер | G32: ЭЧГ | H32: Административно-технического | I32: V | J32: 45734 | K32: 46463 | L32: 1 | M32: 1 | T32: 1
A33: Петров2 | B33: Виктор | C33: Денисович | D33: =Data!$A33&" "&Data!$B33&" "&Data!$C33 -> Петров2 Виктор Денисович | E33: ЭЧ-6 | F33: Главный инженер | G33: ЭЧГ | H33: Административно-технического | I33: V | J33: 45162 | K33: 45528 | L33: 1 | M33: 1 | Q33: 1 | T33: 1
A34: Сидоров2 | B34: Олег | C34: Олегович | D34: =Data!$A34&" "&Data!$B34&" "&Data!$C34 -> Сидоров2 Олег Олегович | E34: ЭЧ-7 | F34: Главный инженер | G34: ЭЧГ | H34: Административно-технического | I34: V | J34: 46087 | K34: 46452 | L34: 1 | M34: 1 | T34: 1
A35: Козлов2 | B35: Юрий | C35: Юрьевич | D35: =Data!$A35&" "&Data!$B35&" "&Data!$C35 -> Козлов2 Юрий Юрьевич | E35: ЭЧ-8 | F35: Главный инженер | G35: ЭЧГ | H35: Административно-технического | I35: V | J35: 45651 | K35: 46381 | L35: 1 | M35: 1 | T35: 1
A36: Новиков2 | B36: Борис | C36: Михайлович | D36: =Data!$A36&" "&Data!$B36&" "&Data!$C36 -> Новиков2 Борис Михайлович | E36: ЭЧ-9 | F36: Главный инженер | G36: ЭЧГ | H36: Административно-технического | I36: V | J36: 46086 | K36: 46451 | L36: 1 | M36: 1 | Q36: 1 | T36: 1
A37: Морозов2 | B37: Геннадий | C37: Алексеевич | D37: =Data!$A37&" "&Data!$B37&" "&Data!$C37 -> Морозов2 Геннадий Алексеевич | E37: ЭЧ-16 | F37: заместитель начальника | G37: ЭЧЗэ | H37: Административно-технического | I37: V | J37: 46111 | K37: 46476 | L37: 1 | M37: 1 | T37: 1
A38: Соколов2 | B38: Георгий | C38: Викторович | D38: =Data!$A38&" "&Data!$B38&" "&Data!$C38 -> Соколов2 Георгий Викторович | E38: ТЦЭ | F38: заместитель начальника | G38: ЭЧЗэ | H38: Административно-технического | I38: V | J38: 45946 | K38: 46311 | L38: 1
A39: Лебедев2 | B39: Денис | C39: Григорьевич | D39: =Data!$A39&" "&Data!$B39&" "&Data!$C39 -> Лебедев2 Денис Григорьевич | E39: ТЦЭ | F39: заместитель начальника | G39: ЭЧЗэ | H39: Административно-технического | I39: V | J39: 45947 | K39: 46312 | L39: 1
A40: Попов2 | B40: Евгений | C40: Игоревич | D40: =Data!$A40&" "&Data!$B40&" "&Data!$C40 -> Попов2 Евгений Игоревич | E40: ЭЧ-1 | F40: заместитель начальника | G40: ЭЧЗк | H40: Административно-технического | I40: V | J40: 45946 | K40: 46311 | L40: 1 | M40: 1 | Q40: 1 | T40: 1
A41: Волков2 | B41: Захар | C41: Фёдорович | D41: =Data!$A41&" "&Data!$B41&" "&Data!$C41 -> Волков2 Захар Фёдорович | E41: ЭЧ-1 | F41: заместитель начальника | G41: ЭЧЗэ | H41: Административно-технического | I41: V | J41: 46044 | K41: 46415 | L41: 1 | M41: 1 | T41: 1
A42: Фёдоров2 | B42: Алексей | C42: Иванович | D42: =Data!$A42&" "&Data!$B42&" "&Data!$C42 -> Фёдоров2 Алексей Иванович | E42: ЭЧ-10 | F42: заместитель начальника | G42: ЭЧЗк | H42: Административно-технического | I42: V | J42: 44880 | K42: 45245 | L42: 1
A43: Алексеев2 | B43: Дмитрий | C43: Петрович | D43: =Data!$A43&" "&Data!$B43&" "&Data!$C43 -> Алексеев2 Дмитрий Петрович | E43: ЭЧ-10 | F43: заместитель начальника | G43: ЭЧЗк | H43: Административно-технического | I43: V | J43: 45370 | K43: 45735 | L43: 1 | M43: 1 | T43: 1
A44: Михайлов2 | B44: Сергей | C44: Сергеевич | D44: =Data!$A44&" "&Data!$B44&" "&Data!$C44 -> Михайлов2 Сергей Сергеевич | E44: ЭЧ-10 | F44: заместитель начальника | G44: ЭЧЗк | H44: Административно-технического | I44: V | J44: 45447 | K44: 46177 | L44: 1 | M44: 1 | T44: 1
A45: Зайцев2 | B45: Андрей | C45: Андреевич | D45: =Data!$A45&" "&Data!$B45&" "&Data!$C45 -> Зайцев2 Андрей Андреевич | E45: ЭЧ-10 | F45: заместитель начальника | G45: ЭЧЗк | H45: Административно-технического | I45: V | J45: 45957 | K45: 46322 | L45: 1 | M45: 1 | T45: 1
A46: Белов2 | B46: Иван | C46: Николаевич | D46: =Data!$A46&" "&Data!$B46&" "&Data!$C46 -> Белов2 Иван Николаевич | E46: ЭЧ-11 | F46: заместитель начальника | G46: ЭЧЗк | H46: Административно-технического | I46: V | J46: 44810 | K46: 45175 | L46: 1
A47: Васильев2 | B47: Михаил | C47: Владимирович | D47: =Data!$A47&" "&Data!$B47&" "&Data!$C47 -> Васильев2 Михаил Владимирович | E47: ЭЧ-11 | F47: заместитель начальника | G47: ЭЧЗк | H47: Административно-технического | I47: V | J47: 46097 | K47: 46462 | L47: 1 | M47: 1 | Q47: 1 | T47: 1
A48: Егоров2 | B48: Николай | C48: Александрович | D48: =Data!$A48&" "&Data!$B48&" "&Data!$C48 -> Егоров2 Николай Александрович | E48: ЭЧ-12 | F48: заместитель начальника | G48: ЭЧЗэ | H48: Административно-технического | I48: V | J48: 45800 | K48: 46534 | L48: 1 | M48: 1 | Q48: 1 | T48: 1
A49: Орлов2 | B49: Владимир | C49: Павлович | D49: =Data!$A49&" "&Data!$B49&" "&Data!$C49 -> Орлов2 Владимир Павлович | E49: ЭЧ-12 | F49: заместитель начальника | G49: ЭЧЗк | H49: Административно-технического | I49: V | J49: 45811 | K49: 46542 | L49: 1 | M49: 1 | Q49: 1 | T49: 1
A50: Тихонов2 | B50: Артём | C50: Борисович | D50: =Data!$A50&" "&Data!$B50&" "&Data!$C50 -> Тихонов2 Артём Борисович | E50: ЭЧ-13 | F50: заместитель начальника | G50: ЭЧЗк | H50: Административно-технического | I50: V | J50: 45443 | K50: 46165 | L50: 1 | M50: 1 | Q50: 1 | T50: 1
A51: Баранов2 | B51: Павел | C51: Геннадьевич | D51: =Data!$A51&" "&Data!$B51&" "&Data!$C51 -> Баранов2 Павел Геннадьевич | E51: ЭЧ-13 | F51: заместитель начальника | G51: ЭЧЗк | H51: Административно-технического | I51: V | J51: 45812 | K51: 46555 | L51: 1 | M51: 1 | T51: 1
A52: Кузнецов2 | B52: Игорь | C52: Евгеньевич | D52: =Data!$A52&" "&Data!$B52&" "&Data!$C52 -> Кузнецов2 Игорь Евгеньевич | E52: ЭЧ-13 | F52: заместитель начальника | G52: ЭЧЗк | H52: Административно-технического | I52: V | J52: 45930 | K52: 46295 | L52: 1 | M52: 1 | Q52: 1 | T52: 1
A53: Давыдов2 | B53: Виктор | C53: Денисович | D53: =Data!$A53&" "&Data!$B53&" "&Data!$C53 -> Давыдов2 Виктор Денисович | E53: ЭЧ-13 | F53: заместитель начальника | G53: ЭЧЗк | H53: Административно-технического | I53: V | J53: 45957 | K53: 46322 | L53: 1 | M53: 1 | Q53: 1 | T53: 1
A54: Богданов2 | B54: Олег | C54: Олегович | D54: =Data!$A54&" "&Data!$B54&" "&Data!$C54 -> Богданов2 Олег Олегович | E54: ЭЧ-14 | F54: заместитель начальника | G54: ЭЧЗк | H54: Административно-технического | I54: V | J54: 46086 | K54: 46451 | L54: 1 | M54: 1 | T54: 1
A55: Семёнов2 | B55: Юрий | C55: Юрьевич | D55: =Data!$A55&" "&Data!$B55&" "&Data!$C55 -> Семёнов2 Юрий Юрьевич | E55: ЭЧ-14 | F55: заместитель начальника | G55: ЭЧЗк | H55: Административно-технического | I55: V | J55: 45525 | K55: 46255 | L55: 1 | M55: 1 | Q55: 1 | T55: 1
A56: Осипов2 | B56: Борис | C56: Михайлович | D56: =Data!$A56&" "&Data!$B56&" "&Data!$C56 -> Осипов2 Борис Михайлович | E56: ЭЧ-15 | F56: заместитель начальника | G56: ЭЧЗк | H56: Административно-технического | I56: V | J56: 46100 | K56: 46465 | L56: 1 | M56: 1 | T56: 1
A57: Савельев2 | B57: Геннадий | C57: Алексеевич | D57: =Data!$A57&" "&Data!$B57&" "&Data!$C57 -> Савельев2 Геннадий Алексеевич | E57: ЭЧ-15 | F57: заместитель начальника | G57: ЭЧЗк | H57: Административно-технического | I57: V | J57: 45811 | K57: 46542 | L57: 1 | M57: 1 | T57: 1
A58: Тимофеев2 | B58: Георгий | C58: Викторович | D58: =Data!$A58&" "&Data!$B58&" "&Data!$C58 -> Тимофеев2 Георгий Викторович | E58: ЭЧ-15 | F58: заместитель начальника | G58: ЭЧЗк | H58: Административно-технического | I58: V | J58: 45905 | K58: 46635 | L58: 1 | M58: 1 | Q58: 1 | T58: 1
A59: Медведев2 | B59: Денис | C59: Григорьевич | D59: =Data!$A59&" "&Data!$B59&" "&Data!$C59 -> Медведев2 Денис Григорьевич | E59: ЭЧ-16 | F59: заместитель начальника | G59: ЭЧЗэ | H59: Административно-технического | I59: V | J59: 45442 | K59: 46165 | L59: 1 | M59: 1 | Q59: 1 | T59: 1
A60: Андреев2 | B60: Евгений | C60: Игоревич | D60: =Data!$A60&" "&Data!$B60&" "&Data!$C60 -> Андреев2 Евгений Игоревич | E60: ЭЧ-16 | F60: заместитель начальника | G60: ЭЧЗк | H60: Административно-технического | I60: V | J60: 45523 | K60: 46254 | L60: 1 | M60: 1 | Q60: 1 | T60: 1
A61: Макаров2 | B61: Захар | C61: Фёдорович | D61: =Data!$A61&" "&Data!$B61&" "&Data!$C61 -> Макаров2 Захар Фёдорович | E61: ЭЧ-16 | F61: заместитель начальника | G61: ЭЧЗэ | H61: Административно-технического | I61: V | J61: Сентябрь | L61: 1
A62: Иванов3 | B62: Алексей | C62: Иванович | D62: =Data!$A62&" "&Data!$B62&" "&Data!$C62 -> Иванов3 Алексей Иванович | E62: ЭЧ-19 | F62: заместитель начальника | G62: ЭЧЗк | H62: Административно-технического | I62: V | J62: 44810 | K62: 45175 | L62: 1
A63: Петров3 | B63: Дмитрий | C63: Петрович | D63: =Data!$A63&" "&Data!$B63&" "&Data!$C63 -> Петров3 Дмитрий Петрович | E63: ЭЧ-19 | F63: заместитель начальника | G63: ЭЧЗк | H63: Административно-технического | I63: V | J63: 46091 | K63: 46456 | L63: 1 | M63: 1 | Q63: 1 | T63: 1
A64: Сидоров3 | B64: Сергей | C64: Сергеевич | D64: =Data!$A64&" "&Data!$B64&" "&Data!$C64 -> Сидоров3 Сергей Сергеевич | E64: ЭЧ-19 | F64: заместитель начальника | G64: ЭЧЗк | H64: Административно-технического | I64: V | J64: 45525 | K64: 46255 | L64: 1 | M64: 1 | T64: 1
A65: Козлов3 | B65: Андрей | C65: Андреевич | D65: =Data!$A65&" "&Data!$B65&" "&Data!$C65 -> Козлов3 Андрей Андреевич | E65: ЭЧ-2 | F65: заместитель начальника | G65: ЭЧЗк | H65: Административно-технического | I65: V | J65: 45525 | K65: 46254 | L65: 1 | M65: 1 | Q65: 1 | T65: 1
A66: Новиков3 | B66: Иван | C66: Николаевич | D66: =Data!$A66&" "&Data!$B66&" "&Data!$C66 -> Новиков3 Иван Николаевич | E66: ЭЧ-2 | F66: заместитель начальника | G66: ЭЧЗэ | H66: Административно-технического | I66: V | J66: 45889 | K66: 46254 | L66: 1 | M66: 1 | Q66: 1 | T66: 1
A67: Морозов3 | B67: Михаил | C67: Владимирович | D67: =Data!$A67&" "&Data!$B67&" "&Data!$C67 -> Морозов3 Михаил Владимирович | E67: ЭЧ-21 | F67: заместитель начальника | G67: ЭЧЗк | H67: Административно-технического | I67: V | J67: 46125 | K67: 46506 | L67: 1 | M67: 1 | Q67: 1 | T67: 1
A68: Соколов3 | B68: Николай | C68: Александрович | D68: =Data!$A68&" "&Data!$B68&" "&Data!$C68 -> Соколов3 Николай Александрович | E68: ЭЧ-21 | F68: заместитель начальника | G68: ЭЧЗэ | H68: Административно-технического | I68: V | J68: 45800 | K68: 46533 | L68: 1 | M68: 1 | T68: 1
A69: Лебедев3 | B69: Владимир | C69: Павлович | D69: =Data!$A69&" "&Data!$B69&" "&Data!$C69 -> Лебедев3 Владимир Павлович | E69: ЭЧ-24 | F69: заместитель начальника | G69: ЭЧЗк | H69: Административно-технического | I69: V | J69: 45811 | K69: 46542 | L69: 1 | M69: 1 | Q69: 1 | T69: 1
A70: Попов3 | B70: Артём | C70: Борисович | D70: =Data!$A70&" "&Data!$B70&" "&Data!$C70 -> Попов3 Артём Борисович | E70: ЭЧ-24 | F70: заместитель начальника | G70: ЭЧЗк | H70: Административно-технического | I70: V | J70: 45953 | K70: 46318 | L70: 1 | M70: 1 | Q70: 1 | T70: 1
A71: Волков3 | B71: Павел | C71: Геннадьевич | D71: =Data!$A71&" "&Data!$B71&" "&Data!$C71 -> Волков3 Павел Геннадьевич | E71: ЭЧ-3 | F71: заместитель начальника | G71: ЭЧЗк | H71: Административно-технического | I71: V | J71: 45237 | K71: 45959 | L71: 1 | M71: 1 | T71: 1
A72: Фёдоров3 | B72: Игорь | C72: Евгеньевич | D72: =Data!$A72&" "&Data!$B72&" "&Data!$C72 -> Фёдоров3 Игорь Евгеньевич | E72: ЭЧ-3 | F72: заместитель начальника | G72: ЭЧЗэ | H72: Административно-технического | I72: V | J72: 45666 | K72: 46256 | L72: 1 | Q72: 1 | T72: 1
A73: Алексеев3 | B73: Виктор | C73: Денисович | D73: =Data!$A73&" "&Data!$B73&" "&Data!$C73 -> Алексеев3 Виктор Денисович | E73: ЭЧ-3 | F73: заместитель начальника | G73: ЭЧЗк | H73: Административно-технического | I73: V | J73: 45926 | K73: 46291 | L73: 1 | M73: 1 | Q73: 1 | T73: 1
A74: Михайлов3 | B74: Олег | C74: Олегович | D74: =Data!$A74&" "&Data!$B74&" "&Data!$C74 -> Михайлов3 Олег Олегович | E74: ЭЧ-4 | F74: заместитель начальника | G74: ЭЧЗэ | H74: Административно-технического | I74: V | J74: 46084 | K74: 46449 | L74: 1 | M74: 1 | Q74: 1 | T74: 1
A75: Зайцев3 | B75: Юрий | C75: Юрьевич | D75: =Data!$A75&" "&Data!$B75&" "&Data!$C75 -> Зайцев3 Юрий Юрьевич | E75: ЭЧ-4 | F75: заместитель начальника | G75: ЭЧЗк | H75: Административно-технического | I75: V | J75: 46084 | K75: 46449 | L75: 1 | M75: 1 | T75: 1
A76: Белов3 | B76: Борис | C76: Михайлович | D76: =Data!$A76&" "&Data!$B76&" "&Data!$C76 -> Белов3 Борис Михайлович | E76: ЭЧ-6 | F76: заместитель начальника | G76: ЭЧЗэ | H76: Административно-технического | I76: V | J76: 45162 | K76: 45528 | L76: 1 | M76: 1 | Q76: 1 | T76: 1
A77: Васильев3 | B77: Геннадий | C77: Алексеевич | D77: =Data!$A77&" "&Data!$B77&" "&Data!$C77 -> Васильев3 Геннадий Алексеевич | E77: ЭЧ-6 | F77: заместитель начальника | G77: ЭЧЗк | H77: Административно-технического | I77: V | J77: 45811 | K77: 46546 | L77: 1 | M77: 1 | Q77: 1 | T77: 1
A78: Егоров3 | B78: Георгий | C78: Викторович | D78: =Data!$A78&" "&Data!$B78&" "&Data!$C78 -> Егоров3 Георгий Викторович | E78: ЭЧ-7 | F78: заместитель начальника | G78: ЭЧЗк | H78: Административно-технического | I78: V | J78: 45812 | K78: 46555 | L78: 1 | M78: 1 | Q78: 1 | T78: 1
A79: Орлов3 | B79: Денис | C79: Григорьевич | D79: =Data!$A79&" "&Data!$B79&" "&Data!$C79 -> Орлов3 Денис Григорьевич | E79: ЭЧ-7 | F79: заместитель начальника | G79: ЭЧЗэ | H79: Административно-технического | I79: V | J79: 45925 | K79: 46290 | L79: 1 | M79: 1 | T79: 1
A80: Тихонов3 | B80: Евгений | C80: Игоревич | D80: =Data!$A80&" "&Data!$B80&" "&Data!$C80 -> Тихонов3 Евгений Игоревич | E80: ЭЧ-8 | F80: заместитель начальника | G80: ЭЧЗк | H80: Административно-технического | I80: V | J80: 45441 | K80: 46164 | L80: 1 | M80: 1 | T80: 1
A81: Баранов3 | B81: Захар | C81: Фёдорович | D81: =Data!$A81&" "&Data!$B81&" "&Data!$C81 -> Баранов3 Захар Фёдорович | E81: ЭЧ-8 | F81: заместитель начальника | G81: ЭЧЗэ | H81: Административно-технического | I81: V | J81: 45594 | K81: 46315 | L81: 1 | M81: 1 | Q81: 1 | T81: 1
A82: Кузнецов3 | B82: Алексей | C82: Иванович | D82: =Data!$A82&" "&Data!$B82&" "&Data!$C82 -> Кузнецов3 Алексей Иванович | E82: ЭЧ-9 | F82: заместитель начальника | G82: ЭЧЗэ | H82: Административно-технического | I82: V | J82: 45930 | K82: 45906 | L82: 1 | M82: 1 | T82: 1
A83: Давыдов3 | B83: Дмитрий | C83: Петрович | D83: =Data!$A83&" "&Data!$B83&" "&Data!$C83 -> Давыдов3 Дмитрий Петрович | E83: ЭЧ-9 | F83: заместитель начальника | G83: ЭЧЗк | H83: Административно-технического | I83: V | J83: 45691 | K83: 46421 | L83: 1 | M83: 1 | T83: 1
A84: Богданов3 | B84: Сергей | C84: Сергеевич | D84: =Data!$A84&" "&Data!$B84&" "&Data!$C84 -> Богданов3 Сергей Сергеевич | E84: ЭЧ-9 | F84: заместитель начальника | G84: ЭЧЗк | H84: Административно-технического | I84: V | J84: 45730 | K84: 46451 | L84: 1 | M84: 1 | T84: 1
A85: Семёнов3 | B85: Андрей | C85: Андреевич | D85: =Data!$A85&" "&Data!$B85&" "&Data!$C85 -> Семёнов3 Андрей Андреевич | E85: ЭЧ-10 | F85: заместитель начальника | G85: ЭЧЗэ | H85: Административно-технического | I85: V | J85: 46057 | K85: 46491 | L85: 1 | T85: 1
A86: Осипов3 | B86: Иван | C86: Николаевич | D86: =Data!$A86&" "&Data!$B86&" "&Data!$C86 -> Осипов3 Иван Николаевич | E86: ЭЧ-16 | F86: и.о.заместителя начальника | G86: ЭЧЗк | H86: Административно-технического | I86: V | L86: 1
A87: Савельев3 | B87: Михаил | C87: Владимирович | D87: =Data!$A87&" "&Data!$B87&" "&Data!$C87 -> Савельев3 Михаил Владимирович | E87: ЭЧ-19 | F87: Инженер по эксплуатации технических средств | G87: ЭЧТ | H87: Административно-технического | I87: V | J87: 46101 | K87: 47197 | L87: 3
A88: Тимофеев3 | B88: Николай | C88: Александрович | D88: =Data!$A88&" "&Data!$B88&" "&Data!$C88 -> Тимофеев3 Николай Александрович | E88: ЭЧ-6 | F88: Инженер по эксплуатации технических средств | G88: ЭЧТ | H88: Административно-технического | I88: V | J88: 45370 | K88: 46465 | L88: 3 | V88: 1
A89: Медведев3 | B89: Владимир | C89: Павлович | D89: =Data!$A89&" "&Data!$B89&" "&Data!$C89 -> Медведев3 Владимир Павлович | E89: ЭЧ-6 | F89: Инженер по эксплуатации технических средств | G89: ЭЧТ | H89: Административно-технического | I89: V | J89: 44515 | K89: 46689 | L89: 3
A90: Андреев3 | B90: Артём | C90: Борисович | D90: =Data!$A90&" "&Data!$B90&" "&Data!$C90 -> Андреев3 Артём Борисович | E90: ЭЧ-14 | F90: Инженер ПТО | G90: ЭЧТ | H90: Административно-технического | I90: V | J90: 44718 | K90: 45814 | L90: 1 | T90: 1 | V90: 1
A91: Макаров3 | B91: Павел | C91: Геннадьевич | D91: =Data!$A91&" "&Data!$B91&" "&Data!$C91 -> Макаров3 Павел Геннадьевич | E91: ЭЧ-14 | F91: Инженер ПТО | G91: ЭЧТ | H91: Административно-технического | I91: V | J91: 45811 | K91: 46907 | L91: 3 | T91: 1 | V91: 1
A92: Иванов4 | B92: Игорь | C92: Евгеньевич | D92: =Data!$A92&" "&Data!$B92&" "&Data!$C92 -> Иванов4 Игорь Евгеньевич | E92: ЭЧ-14 | F92: Инженер ПТО | G92: ЭЧТ | H92: Административно-технического | I92: V | J92: 45811 | K92: 46907 | L92: 3 | T92: 1 | V92: 1
A93: Петров4 | B93: Виктор | C93: Денисович | D93: =Data!$A93&" "&Data!$B93&" "&Data!$C93 -> Петров4 Виктор Денисович | E93: ЭЧ-16 | F93: Инженер ПТО | G93: ЭЧТ | H93: Административно-технического | I93: V | J93: 45083 | K93: 46179 | L93: 3
A94: Сидоров4 | B94: Олег | C94: Олегович | D94: =Data!$A94&" "&Data!$B94&" "&Data!$C94 -> Сидоров4 Олег Олегович | E94: ТЦЭ | F94: начальник | G94: ЭЧГ | H94: Административно-технического | I94: V | J94: 45835 | K94: 46200 | L94: 1 | M94: 1
A95: Козлов4 | B95: Юрий | C95: Юрьевич | D95: =Data!$A95&" "&Data!$B95&" "&Data!$C95 -> Козлов4 Юрий Юрьевич | E95: ЭЧ-1 | F95: начальник дистанции | G95: ЭЧ | H95: Административно-технического | I95: V | J95: 45447 | K95: 46164 | L95: 1 | M95: 1 | T95: 1
A96: Новиков4 | B96: Борис | C96: Михайлович | D96: =Data!$A96&" "&Data!$B96&" "&Data!$C96 -> Новиков4 Борис Михайлович | E96: ЭЧ-10 | F96: начальник дистанции | G96: ЭЧ | H96: Административно-технического | I96: V | J96: 45565 | K96: 46295 | L96: 1 | M96: 1 | T96: 1
A97: Морозов4 | B97: Геннадий | C97: Алексеевич | D97: =Data!$A97&" "&Data!$B97&" "&Data!$C97 -> Морозов4 Геннадий Алексеевич | E97: ЭЧ-11 | F97: начальник дистанции | G97: ЭЧ | H97: Административно-технического | I97: V | J97: 45800 | K97: 46165 | L97: 1 | M97: 1 | T97: 1
A98: Соколов4 | B98: Георгий | C98: Викторович | D98: =Data!$A98&" "&Data!$B98&" "&Data!$C98 -> Соколов4 Георгий Викторович | E98: ЭЧ-12 | F98: начальник дистанции | G98: ЭЧ | H98: Административно-технического | I98: V | J98: 45175 | K98: 45906 | L98: 1 | M98: 1 | T98: 1
A99: Лебедев4 | B99: Денис | C99: Григорьевич | D99: =Data!$A99&" "&Data!$B99&" "&Data!$C99 -> Лебедев4 Денис Григорьевич | E99: ЭЧ-13 | F99: начальник дистанции | G99: ЭЧ | H99: Административно-технического | I99: V | J99: 45443 | K99: 45808 | L99: 1 | M99: 1 | T99: 1
A100: Попов4 | B100: Евгений | C100: Игоревич | D100: =Data!$A100&" "&Data!$B100&" "&Data!$C100 -> Попов4 Евгений Игоревич | E100: ЭЧ-14 | F100: начальник дистанции | G100: ЭЧ | H100: Административно-технического | I100: V | J100: 45736 | K100: 46457 | L100: 1 | M100: 1 | T100: 1
...

Sheet Input
A2: ЭЧ-11 | B2: Дистанция электроснабжения №11
A3: ЭЧ-3 | B3: Панковская дистанция электроснабжения
A4: ЭЧ-2 | B4: Дистанция электроснабжения №2
A5: ЭЧ-6 | B5: Дистанция электроснабжения №6
A6: ЭЧ-8 | B6: Дистанция электроснабжения №8
A7: ЭЧ-7 | B7: Покровско-Стрешневская дистанция электроснабжения
A8: ЭЧ-9 | B8: Дистанция электроснабжения №9
A9: ЭЧ-12 | B9: Дистанция электроснабжения №12
A10: ЭЧ-14 | B10: Дистанция электроснабжения №14
A11: ЭЧ-15 | B11: Дистанция электроснабжения №15
A12: ЭЧ-21 | B12: Дистанция электроснабжения №21
A13: ЭЧ-24 | B13: Дистанция электроснабжения №24
... A15: ТЦЭ | B15: Тяговая ЦЭ
D16: Очередная проверка
D17: Внеочередная проверка
D18: Первичная проверка
F19: Петров Дмитрий Петрович | G19: НТЭГ
F20: Козлов Андрей Андреевич | G20: НТЭЗ-1
F21: Новиков Иван Николаевич | G21: НТЭК
I22: Сидоров Сергей Сергеевич | J22: НТЭТ
I23: Морозов Михаил Владимирович | J23: НТЭК
I24: Михайлов Олег Олегович | J24: НТЭТех
I25: Зайцев Юрий Юрьевич | J25: НТЭЗ-1
L26: ЭЧГ | M26: Правила по охране труда, ПТЭЭП, инструкции по электробезопасности для руководящего состава
L27: ЭЧ | M27: Комплект нормативных документов и инструкций для персонала дистанции электроснабжения
L28: ЭЧТ | M28: Правила устройства электроустановок, техническая эксплуатация, охрана труда, пожарная безопасность
L29: Эчот | M29: Нормативные документы по охране труда, пожарной безопасности и локальные инструкции
L30: ЭЧЗк | M30: Инструкции по контактной сети, охране труда и безопасному производству работ
L31: ЭЧЗэ | M31: Инструкции по тяговым подстанциям, охране труда и безопасному производству работ
